{
  "correlations": {
    "1": 0.17683342182207068,
    "2": 0.1595826787834491,
    "3": 0.12664194813340543,
    "4": 0.1269256272203706,
    "5": 0.10681309976886556,
    "6": 0.10862555906335246,
    "7": 0.09107098931258277,
    "8": 0.06626231263573804,
    "9": 0.062070855180943844,
    "10": 0.060190772889045306,
    "11": 0.04964469773917812,
    "12": 0.047168558401188374,
    "13": 0.0519789989626833,
    "14": 0.05703236121962581,
    "15": 0.05243102837233497,
    "16": 0.051936533710750334,
    "17": 0.041998026974507295,
    "18": 0.04671026825182947,
    "19": 0.04974007142415074,
    "20": 0.04951837646868597,
    "21": 0.046036570373365025,
    "22": 0.04507825813628921,
    "23": 0.05276427190379783,
    "24": 0.0494703931933189,
    "25": 0.04887341920311266,
    "26": 0.047754910874212506,
    "27": 0.04685447827788875,
    "28": 0.04208405747633824,
    "29": 0.04528150229616048,
    "30": 0.04721738568417037
  },
  "best_horizon": 1,
  "directional_accuracy": {
    "0.3": 0.4961139896373057,
    "0.5": 0.517515923566879,
    "0.7": 0.5626423690205011
  }
}