{
  "variance_ratios": {
    "2": 0.9094709222895151,
    "5": 0.8383846222863447,
    "7": 0.7830565066713286,
    "10": 0.75244807967462,
    "15": 0.7304494321376623,
    "20": 0.6905326218943877,
    "25": 0.6829309606091409,
    "30": 0.6781144927683158
  },
  "average_vr": 0.7581734547914144,
  "market_characterization": "Mean-reverting"
}